"Add to Cart","Adicionar ao caldeirão"
"My Cart","Meu caldeirão"
"Shopping Cart","Caldeirão de compras"
"My Account","Minha conta assombrada"
"Sign In","Entrar na noite"
"Create an Account","Criar conta assombrada"
"Search entire store here...","Busque ofertas assombradas..."
"Proceed to Checkout","Finalizar compra assombrada"
"Continue Shopping","Continuar explorando"
"Halloween campaign","Campanha de Halloween"
"Haunted Night","Noite Assombrada"
"Discover our Halloween collection.","Descubra nossa coleção de Halloween."
"Explore Halloween offers","Explorar ofertas de Halloween"
"Haunted Night: a Halloween to remember.","Noite Assombrada: um Halloween para lembrar."
"Your Haunted Night order is confirmed.","Seu pedido na Noite Assombrada está confirmado."
"Thank you for joining our Halloween celebration.","Obrigado por fazer parte da nossa celebração de Halloween."
"Countdown to Halloween","Contagem regressiva para o Halloween"
"The haunted night has ended","A noite de caça acabou! Volte no próximo ano para mais sustos e diversão!"
"Time left: %1d %2h %3m %4s","Tempo Restante: %1d %2h %3m %4s"
"Haunted offer","Oferta assombrada"
"Haunted mode","Modo assombrado"
"Your cauldron is empty","Seu caldeirão está vazio"
"Thirteen items or more. Brave soul.","Treze itens ou mais. Corajoso."
"Items in the cauldron: %1","Itens no caldeirão: %1"
